INSERT INTO Veranstaltung (VeranstaltungNr, Name, Beschreibung, Ort) VALUES
(1, 'Winterrennen Nord', 'Schlittenhunderennen durch verschneite Waldwege', 'Hamburg'),
(2, 'Arktis Sprint', 'Kurzstreckenrennen für schnelle Schlittenhunde', 'München'),
(3, 'Eisige Meilen', 'Langstreckenrennen für erfahrene Musher', 'Berlin'),
(4, 'Polar Night Race', 'Nacht-Schlittenhunderennen mit Stirnlampen', 'Dresden'),
(5, 'Fjord Dash', 'Sprint-Rennen entlang gefrorener Seen', 'Kiel'),
(6, 'Husky Marathon', '42 km Langstreckenrennen für Schlittenhundeteams', 'Leipzig'),
(7, 'Nordic Challenge', 'Rennen mit anspruchsvollen Steigungen', 'Stuttgart'),
(8, 'Glacier Run', 'Schlittenrennen auf vereisten Bergpässen', 'Innsbruck'),
(9, 'Alaska Dream', 'Ultra-Langstreckenrennen mit Übernachtungen', 'Frankfurt'),
(10, 'Snowstorm Cup', 'Hindernisrennen bei wechselhaften Schneebedingungen', 'Hannover');
INSERT INTO Veranstaltungstermin (VeranstaltungNr, Datum, Von, Bis) VALUES
(1, '2025-01-10', '10:00', '14:00'),
(1, '2025-02-15', '12:00', '16:00'),

(2, '2025-01-20', '09:00', '13:00'),
(2, '2025-03-05', '11:00', '15:00'),

(3, '2025-02-01', '08:30', '12:30'),
(3, '2025-03-18', '10:30', '14:30'),

(4, '2025-02-25', '17:00', '21:00'),
(4, '2025-04-10', '19:00', '23:00'),

(5, '2025-03-08', '07:00', '11:00'),
(5, '2025-04-22', '09:00', '13:00'),

(6, '2025-03-30', '06:00', '12:00'),
(6, '2025-05-12', '07:30', '13:30'),

(7, '2025-04-15', '08:00', '12:00'),
(7, '2025-06-01', '10:00', '14:00'),

(8, '2025-05-05', '06:30', '11:30'),
(8, '2025-06-20', '08:30', '13:30'),

(9, '2025-05-25', '05:00', '19:00'),
(9, '2025-07-10', '06:00', '20:00'),

(10, '2025-06-10', '07:30', '12:30'),
(10, '2025-07-25', '09:00', '14:00');
INSERT INTO Rudelteilnahme (RudelNr, VeranstaltungNr) VALUES
(1, 1),
(2, 1),
(3, 2),
(4, 2),
(5, 3),
(6, 3),
(7, 4),
(8, 4),
(9, 5),
(10, 5),
(1, 6),
(2, 6),
(3, 7),
(4, 7),
(5, 8),
(6, 8),
(7, 9),
(8, 9),
(9, 10),
(10, 10);
INSERT INTO Rudel (rudelnr, RudelName, Anzahl) VALUES
(1, 'Arctic Runners', 3),
(2, 'Snow Warriors', 3),
(3, 'Frostbite Flyers', 3),
(4, 'Glacier Speed', 3),
(5, 'Ice Wolves', 3),
(6, 'Blizzard Beasts', 3),
(7, 'Husky Hurricanes', 3),
(8, 'Polar Sprinters', 3),
(9, 'Frozen Thunder', 3),
(10, 'Northern Lights', 3);
INSERT INTO Rudelleistung (RudelNr, VeranstaltungNr, Platzierung, Zeit, Einheit) VALUES
(1, 1, 1, 89.7, 'Minuten'),
(2, 1, 2, 67.71, 'Minuten'),
(3, 2, 3, 93.92, 'Minuten'),
(4, 2, 4, 75.11, 'Minuten'),
(5, 3, 5, 52.01, 'Minuten'),
(6, 3, 6, 70.81, 'Minuten'),
(7, 4, 7, 90.58, 'Minuten'),
(8, 4, 8, 76.24, 'Minuten'),
(9, 5, 9, 94.59, 'Minuten'),
(10, 5, 10, 59.4, 'Minuten'),
(1, 6, 11, 46.67, 'Minuten'),
(2, 6, 12, 88.06, 'Minuten'),
(3, 7, 13, 75.01, 'Minuten'),
(4, 7, 14, 63.06, 'Minuten'),
(5, 8, 15, 96.49, 'Minuten'),
(6, 8, 16, 70.37, 'Minuten'),
(7, 9, 17, 78.15, 'Minuten'),
(8, 9, 18, 60.87, 'Minuten'),
(9, 10, 19, 48.21, 'Minuten'),
(10, 10, 20, 74.86, 'Minuten');
INSERT INTO Besitzer (BesitzerNr, Vorname, Nachname, Mail, PLZ, Strasse, HNr, Ort) VALUES
(1, 'Lisa', 'Bauer', 'lisa.bauer@example.com', 95041, 'Rathausplatz', 64, 'Hamburg'),
(2, 'Moritz', 'Braun', 'moritz.braun@example.com', 95455, 'Goethestraße', 49, 'Köln'),
(3, 'Maximilian', 'Becker', 'maximilian.becker@example.com', 52748, 'Hauptstraße', 4, 'Hannover'),
(4, 'Nico', 'Meyer', 'nico.meyer@example.com', 59161, 'Bergstraße', 130, 'Köln'),
(5, 'Paul', 'Schulz', 'paul.schulz@example.com', 65763, 'Bergstraße', 143, 'Frankfurt'),
(6, 'Nico', 'Neumann', 'nico.neumann@example.com', 57904, 'Gartenweg', 23, 'Hannover'),
(7, 'Laura', 'Bauer', 'laura.bauer@example.com', 92362, 'Bergstraße', 36, 'Düsseldorf'),
(8, 'Paul', 'Fischer', 'paul.fischer@example.com', 26113, 'Schillerstraße', 118, 'Stuttgart'),
(9, 'Emma', 'Wolf', 'emma.wolf@example.com', 18784, 'Schulstraße', 87, 'Dresden'),
(10, 'Julia', 'Krüger', 'julia.krüger@example.com', 27646, 'Goethestraße', 125, 'München'),
(11, 'Maximilian', 'Schmidt', 'maximilian.schmidt@example.com', 95088, 'Bahnhofstraße', 49, 'Berlin'),
(12, 'Julia', 'Bauer', 'julia.bauer@example.com', 11341, 'Bergstraße', 33, 'Dresden'),
(13, 'Anna', 'Wagner', 'anna.wagner@example.com', 68956, 'Goethestraße', 97, 'Düsseldorf'),
(14, 'Emma', 'Koch', 'emma.koch@example.com', 21361, 'Bahnhofstraße', 115, 'Stuttgart'),
(15, 'Emma', 'Becker', 'emma.becker@example.com', 15389, 'Schillerstraße', 83, 'Köln'),
(16, 'Emma', 'Hahn', 'emma.hahn@example.com', 10886, 'Bergstraße', 122, 'Leipzig'),
(17, 'Lukas', 'Neumann', 'lukas.neumann@example.com', 90782, 'Gartenweg', 59, 'München'),
(18, 'Emma', 'Fischer', 'emma.fischer@example.com', 86694, 'Dorfstraße', 27, 'Düsseldorf'),
(19, 'Sarah', 'Wolf', 'sarah.wolf@example.com', 53455, 'Rathausplatz', 34, 'Dresden'),
(20, 'Sarah', 'Bauer', 'sarah.bauer@example.com', 56616, 'Rathausplatz', 20, 'Frankfurt');
INSERT INTO Hund (HundNr, BesitzerNr, Name, Geburtsdatum, Geschlecht) VALUES
(1, 2, 'Kira', '2020-09-23', 'Männlich'),
(2, 19, 'Kira', '2019-12-07', 'Männlich'),
(3, 14, 'Teddy', '2020-02-24', 'Männlich'),
(4, 8, 'Shadow', '2016-05-03', 'Männlich'),
(5, 3, 'Chico', '2016-02-29', 'Männlich'),
(6, 15, 'Milo', '2019-09-28', 'Männlich'),
(7, 11, 'Mika', '2019-06-05', 'Weiblich'),
(8, 3, 'Apollo', '2015-02-23', 'Männlich'),
(9, 3, 'Bailey', '2015-08-15', 'Männlich'),
(10, 11, 'Mika', '2022-07-18', 'Männlich'),
(11, 16, 'Amy', '2022-02-27', 'Männlich'),
(12, 14, 'Bonnie', '2020-02-12', 'Männlich'),
(13, 5, 'Charlie', '2020-03-22', 'Weiblich'),
(14, 1, 'Flocke', '2022-01-07', 'Männlich'),
(15, 9, 'Maya', '2023-02-16', 'Weiblich'),
(16, 1, 'Milo', '2019-06-12', 'Männlich'),
(17, 20, 'Max', '2016-11-26', 'Weiblich'),
(18, 1, 'Zorro', '2021-08-04', 'Weiblich'),
(19, 12, 'Shadow', '2018-04-02', 'Männlich'),
(20, 7, 'Lucy', '2015-11-16', 'Männlich'),
(21, 4, 'Buddy', '2016-12-06', 'Männlich'),
(22, 14, 'Zeus', '2019-06-18', 'Männlich'),
(23, 4, 'Leo', '2016-01-19', 'Weiblich'),
(24, 1, 'Nala', '2017-08-19', 'Weiblich'),
(25, 19, 'Bruno', '2016-06-07', 'Männlich'),
(26, 10, 'Oscar', '2019-05-07', 'Männlich'),
(27, 5, 'Charlie', '2022-04-17', 'Männlich'),
(28, 9, 'Oscar', '2018-06-17', 'Weiblich'),
(29, 13, 'Max', '2023-01-20', 'Weiblich'),
(30, 1, 'Shadow', '2018-07-11', 'Weiblich'),
(31, 6, 'Juno', '2020-06-08', 'Männlich'),
(32, 17, 'Bella', '2020-12-24', 'Männlich'),
(33, 8, 'Nala', '2020-10-30', 'Männlich'),
(34, 4, 'Shadow', '2020-05-19', 'Weiblich'),
(35, 19, 'Sammy', '2018-04-04', 'Weiblich'),
(36, 20, 'Milo', '2015-06-24', 'Männlich'),
(37, 11, 'Leo', '2018-10-22', 'Männlich'),
(38, 1, 'Kira', '2019-08-22', 'Weiblich'),
(39, 18, 'Buddy', '2018-03-02', 'Weiblich'),
(40, 7, 'Holly', '2018-03-31', 'Männlich');
INSERT INTO Rudelpos (RudelPosNr,RudelNr, HundNr, Position) VALUES
(1, 1, 4, 'Führer'),
(2, 1, 39, 'Mitte'),
(3, 1, 2, 'Hinten'),
(4, 2, 3, 'Führer'),
(5, 2, 13, 'Mitte'),
(6, 2, 12, 'Hinten'),
(7, 3, 14, 'Führer'),
(8, 3, 5, 'Mitte'),
(9, 3, 18, 'Hinten'),
(10, 4, 38, 'Führer'),
(11, 4, 13, 'Mitte'),
(12, 4, 22, 'Hinten'),
(13, 5, 6, 'Führer'),
(14, 5, 12, 'Mitte'),
(15, 5, 40, 'Hinten'),
(16, 6, 35, 'Führer'),
(17, 6, 16, 'Mitte'),
(18, 6, 32, 'Hinten'),
(19, 7, 19, 'Führer'),
(20, 7, 32, 'Mitte'),
(21, 7, 29, 'Hinten'),
(22, 8, 38, 'Führer'),
(23, 8, 23, 'Mitte'),
(24, 8, 19, 'Hinten'),
(25, 9, 7, 'Führer'),
(26, 9, 10, 'Mitte'),
(27, 9, 27, 'Hinten'),
(28, 10, 34, 'Führer'),
(29, 10, 32, 'Mitte'),
(30, 10, 37, 'Hinten');
INSERT INTO Rasse (RasseName, Herkunft, Farbe) VALUES
('Labrador Retriever', 'Kanada', 'Schwarz, Gelb, Braun'),
('Deutscher Schäferhund', 'Deutschland', 'Schwarz-Braun, Grau'),
('Golden Retriever', 'Schottland', 'Gold, Creme'),
('Husky', 'Sibirien', 'Weiß, Schwarz, Grau, Braun'),
('Border Collie', 'Vereinigtes Königreich', 'Schwarz-Weiß, Braun, Merle'),
('Dackel', 'Deutschland', 'Schwarz, Braun, Rot, Gestromt'),
('Dalmatiner', 'Kroatien', 'Weiß mit schwarzen oder braunen Flecken'),
('Rottweiler', 'Deutschland', 'Schwarz mit braunen Abzeichen'),
('Beagle', 'Vereinigtes Königreich', 'Dreifarbig, Braun-Weiß, Zitronenfarben'),
('Dogge', 'Deutschland', 'Schwarz, Blau, Gelb, Gestromt');
INSERT INTO Mischung (RasseName, HundNr, Prozent) VALUES
('Dogge', 1, 100),
('Dogge', 2, 100),
('Husky', 3, 40),
('Golden Retriever', 3, 60),
('Beagle', 4, 55),
('Golden Retriever', 4, 45),
('Dogge', 5, 100),
('Deutscher Schäferhund', 6, 46),
('Dackel', 6, 54),
('Dogge', 7, 100),
('Dalmatiner', 8, 100),
('Rottweiler', 9, 100),
('Dogge', 10, 100),
('Dalmatiner', 11, 100),
('Dogge', 12, 100),
('Dogge', 13, 100),
('Deutscher Schäferhund', 14, 48),
('Labrador Retriever', 14, 52),
('Rottweiler', 15, 55),
('Golden Retriever', 15, 45),
('Deutscher Schäferhund', 16, 56),
('Golden Retriever', 16, 44),
('Dackel', 17, 51),
('Golden Retriever', 17, 49),
('Dackel', 18, 58),
('Beagle', 18, 42),
('Dogge', 19, 100),
('Labrador Retriever', 20, 100),
('Dalmatiner', 21, 52),
('Golden Retriever', 21, 48),
('Dackel', 22, 49),
('Golden Retriever', 22, 51),
('Dogge', 23, 100),
('Dogge', 24, 100),
('Dogge', 25, 100),
('Dogge', 26, 100),
('Dalmatiner', 27, 100),
('Dogge', 28, 100),
('Beagle', 29, 100),
('Husky', 30, 47),
('Beagle', 30, 53),
('Dackel', 31, 51),
('Beagle', 31, 49),
('Dalmatiner', 32, 46),
('Rottweiler', 32, 54),
('Beagle', 33, 100),
('Husky', 34, 59),
('Rottweiler', 34, 41),
('Deutscher Schäferhund', 35, 44),
('Golden Retriever', 35, 56),
('Dalmatiner', 36, 49),
('Dackel', 36, 51),
('Rottweiler', 37, 100),
('Dogge', 38, 100),
('Labrador Retriever', 39, 45),
('Beagle', 39, 55),
('Dogge', 40, 100);
INSERT INTO Kurs (KursNr, Name, Beschreibung) VALUES
(1, 'Grundkurs Gehorsam', 'Einstieg in die Hundeerziehung mit Grundkommandos wie Sitz, Platz und Bleib.'),
(2, 'Agility Training', 'Förderung von Geschicklichkeit und Schnelligkeit durch Hindernisparcours.'),
(3, 'Leinenführigkeit', 'Training zur Verbesserung des Laufens an der Leine ohne Ziehen.'),
(4, 'Rückruftraining', 'Fokus auf zuverlässigen Rückruf, auch unter Ablenkung.'),
(5, 'Sozialisierung für Welpen', 'Gezielte Sozialisierung von Welpen mit anderen Hunden und Menschen.'),
(6, 'Mantrailing', 'Einsatz der Hundenase zur Suche nach vermissten Personen oder Gegenständen.'),
(7, 'Anti-Jagd-Training', 'Kontrolle des Jagdverhaltens und Impulskontrolle im Freien.'),
(8, 'Schlittenhunde-Workshop', 'Grundlagen des Schlittenhundetrainings mit Teamarbeit und Zugverhalten.'),
(9, 'Tricktraining', 'Erlernen von unterhaltsamen Tricks zur mentalen Auslastung.'),
(10, 'Therapiehunde-Ausbildung', 'Spezielle Ausbildung für Hunde, die in der Therapie eingesetzt werden sollen.');
INSERT INTO Kursstruktur (BasisKursNr, FolgeKursNr) VALUES
(1, 3),
(1, 4),
(3, 5),
(4, 7),
(2, 8),
(6, 10),
(5, 9),
(7, 8),
(8, 10),
(9, 10);
INSERT INTO Mitarbeiter (MitarbeiterNr, Vorname, Nachname, Mail, PLZ, Strasse, HNr, Ort) VALUES
(1, 'Thomas', 'Becker', 'thomas.becker@hundeschule.com', 78738, 'Schillerstraße', 58, 'Leipzig'),
(2, 'Stefan', 'Schulz', 'stefan.schulz@hundeschule.com', 56658, 'Bahnhofstraße', 21, 'Hannover'),
(3, 'Johannes', 'Becker', 'johannes.becker@hundeschule.com', 57898, 'Schulstraße', 16, 'Düsseldorf'),
(4, 'Maria', 'Hoffmann', 'maria.hoffmann@hundeschule.com', 76108, 'Bahnhofstraße', 35, 'Leipzig'),
(5, 'Lena', 'Richter', 'lena.richter@hundeschule.com', 81102, 'Bahnhofstraße', 140, 'Berlin'),
(6, 'Daniel', 'Becker', 'daniel.becker@hundeschule.com', 40661, 'Rathausplatz', 80, 'Frankfurt'),
(7, 'Sophia', 'Meyer', 'sophia.meyer@hundeschule.com', 64548, 'Gartenweg', 71, 'Hannover'),
(8, 'Thomas', 'Meyer', 'thomas.meyer@hundeschule.com', 94271, 'Bergstraße', 15, 'Köln'),
(9, 'Johannes', 'Hoffmann', 'johannes.hoffmann@hundeschule.com', 67671, 'Gartenweg', 26, 'Leipzig'),
(10, 'Daniel', 'Schmidt', 'daniel.schmidt@hundeschule.com', 40928, 'Dorfstraße', 66, 'Stuttgart');
INSERT INTO Unterrichtet (KursNr, MitarbeiterNr) VALUES
(1, 2),
(2, 4),
(3, 3),
(4, 6),
(5, 7),
(6, 6),
(7, 3),
(8, 7),
(9, 3),
(10, 7);
INSERT INTO Kursreihe (KursreihenName, KursNr, MitarbeiterNr, AnzahlTermine) VALUES
('Wintersemester', 2, 3, 10),
('Sommersemester', 1, 3, 10),
('Sommersemester', 3, 7, 6),
('Wintersemester', 8, 1, 7),
('Sommersemester', 4, 3, 15),
('Wintersemester', 5, 1, 9),
('Sommersemester', 7, 5, 14),
('Wintersemester', 6, 2, 7),
('Wintersemester', 9, 1, 14),
('Wintersemester', 10, 1, 15);
INSERT INTO Teilnahme (HundNr, KursNr, MitarbeiterNr, KursreihenName, Von) VALUES
(39, 1, 1, 'Sommersemester', '2025-04-16'),
(19, 1, 1, 'Sommersemester', '2025-04-16'),
(14, 1, 1, 'Sommersemester', '2025-04-16'),
(15, 1, 1, 'Sommersemester', '2025-04-16'),
(6, 2, 7, 'Wintersemester', '2025-04-06'),
(12, 2, 7, 'Wintersemester', '2025-04-06'),
(33, 2, 7, 'Wintersemester', '2025-04-06'),
(13, 2, 7, 'Wintersemester', '2025-04-06'),
(19, 3, 1, 'Sommersemester', '2025-05-06'),
(34, 3, 1, 'Sommersemester', '2025-05-06'),
(17, 3, 1, 'Sommersemester', '2025-05-06'),
(10, 3, 1, 'Sommersemester', '2025-05-06'),
(31, 4, 1, 'Wintersemester', '2025-05-17'),
(35, 4, 1, 'Wintersemester', '2025-05-17'),
(12, 4, 1, 'Wintersemester', '2025-05-17'),
(9, 4, 1, 'Wintersemester', '2025-05-17'),
(19, 5, 5, 'Sommersemester', '2025-05-06'),
(30, 5, 5, 'Sommersemester', '2025-05-06'),
(29, 5, 5, 'Sommersemester', '2025-05-06'),
(4, 5, 5, 'Sommersemester', '2025-05-06'),
(30, 6, 4, 'Sommersemester', '2025-04-27'),
(4, 6, 4, 'Sommersemester', '2025-04-27'),
(5, 6, 4, 'Sommersemester', '2025-04-27'),
(26, 6, 4, 'Sommersemester', '2025-04-27'),
(2, 7, 1, 'Wintersemester', '2025-04-08'),
(6, 7, 1, 'Wintersemester', '2025-04-08'),
(31, 7, 1, 'Wintersemester', '2025-04-08'),
(8, 7, 1, 'Wintersemester', '2025-04-08'),
(7, 8, 3, 'Sommersemester', '2025-05-24'),
(20, 8, 3, 'Sommersemester', '2025-05-24'),
(23, 8, 3, 'Sommersemester', '2025-05-24'),
(14, 8, 3, 'Sommersemester', '2025-05-24'),
(35, 9, 7, 'Wintersemester', '2025-05-18'),
(17, 9, 7, 'Wintersemester', '2025-05-18'),
(2, 9, 7, 'Wintersemester', '2025-05-18'),
(26, 9, 7, 'Wintersemester', '2025-05-18'),
(24, 10, 7, 'Sommersemester', '2025-05-29'),
(6, 10, 7, 'Sommersemester', '2025-05-29'),
(33, 10, 7, 'Sommersemester', '2025-05-29'),
(26, 10, 7, 'Sommersemester', '2025-05-29');
INSERT INTO Zertifikat (ZertifikatNr, Name, Beschreibung) VALUES
(1,'Gehorsamsprofi', 'Auszeichnung für Hunde, die eine ausgezeichnete Leinenführigkeit und Grundkommandos beherrschen.'),
(2,'Agility-Champion', 'Zertifikat für herausragende Leistungen im Agility-Parcours.'),
(3,'Suchhund-Experte', 'Nachweis über die erfolgreiche Teilnahme am Mantrailing-Training.'),
(4,'Therapiehund-Diplom', 'Zertifikat für Hunde, die erfolgreich die Ausbildung zum Therapiehund abgeschlossen haben.');
INSERT INTO Ort (OrtName, PLZ, Stadt, Strasse, Hausnummer, Beschreibung) VALUES
('Hundeschule Babybell', 38724, 'Berlin', 'Hauptstraße', 111, 'Ein Trainingsort für Hundeaktivitäten in Berlin.'),
('Sportplatz Nord', 91093, 'München', 'Bahnhofstraße', 7, 'Ein Trainingsort für Hundeaktivitäten in München.'),
('Waldparcours', 60010, 'Hamburg', 'Gartenweg', 79, 'Ein Trainingsort für Hundeaktivitäten in Hamburg.'),
('Trainingszentrum West', 32790, 'Köln', 'Bergstraße', 65, 'Ein Trainingsort für Hundeaktivitäten in Köln.'),
('Schlittenhunde-Arena', 92273, 'Frankfurt', 'Schulstraße', 63, 'Ein Trainingsort für Hundeaktivitäten in Frankfurt.');
INSERT INTO Platz (OrtName, PlatzName, Kapazitaet, Breite, Laenge) VALUES
('Hundeschule Babybell', 'Trainingsfläche', 21, 42.9, 33.11),
('Hundeschule Babybell', 'Agility-Parcours', 12, 23.27, 50.95),
('Hundeschule Babybell', 'Freilaufzone', 24, 32.5, 54.73),
('Hundeschule Babybell', 'Wassertraining', 9, 24.6, 52.52),
('Sportplatz Nord', 'Trainingsfläche', 18, 28.82, 67.09),
('Sportplatz Nord', 'Agility-Parcours', 30, 33.51, 36.05),
('Sportplatz Nord', 'Freilaufzone', 9, 20.37, 46.14),
('Sportplatz Nord', 'Wassertraining', 9, 47.72, 63.21),
('Waldparcours', 'Trainingsfläche', 23, 31.29, 56.78),
('Waldparcours', 'Agility-Parcours', 17, 31.23, 51.82),
('Waldparcours', 'Freilaufzone', 25, 27.31, 53.41),
('Waldparcours', 'Wassertraining', 23, 32.4, 61.53),
('Trainingszentrum West', 'Trainingsfläche', 27, 35.39, 49.04),
('Trainingszentrum West', 'Agility-Parcours', 22, 28.57, 37.5),
('Trainingszentrum West', 'Freilaufzone', 18, 49.15, 58.44),
('Trainingszentrum West', 'Wassertraining', 16, 46.71, 55.24),
('Schlittenhunde-Arena', 'Trainingsfläche', 19, 23.45, 62.92),
('Schlittenhunde-Arena', 'Agility-Parcours', 22, 36.79, 42.32),
('Schlittenhunde-Arena', 'Freilaufzone', 15, 40.59, 50.96),
('Schlittenhunde-Arena', 'Wassertraining', 17, 25.52, 47.07);
INSERT INTO Kursanmeldung (HundNr, KursNr, MitarbeiterNr, KursreihenName, Datum) VALUES
(11, 1, 3, 'Wintersemester', '2025-03-17'),
(30, 1, 3, 'Wintersemester', '2025-03-17'),
(27, 1, 3, 'Wintersemester', '2025-03-17'),
(40, 1, 3, 'Wintersemester', '2025-03-17'),
(27, 2, 7, 'Sommersemester', '2025-03-13'),
(23, 2, 7, 'Sommersemester', '2025-03-13'),
(5, 2, 7, 'Sommersemester', '2025-03-13'),
(21, 2, 7, 'Sommersemester', '2025-03-13'),
(12, 3, 1, 'Wintersemester', '2025-03-25'),
(8, 3, 1, 'Wintersemester', '2025-03-25'),
(16, 3, 1, 'Wintersemester', '2025-03-25'),
(25, 3, 1, 'Wintersemester', '2025-03-25'),
(3, 4, 7, 'Wintersemester', '2025-03-06'),
(31, 4, 7, 'Wintersemester', '2025-03-06'),
(2, 4, 7, 'Wintersemester', '2025-03-06'),
(19, 4, 7, 'Wintersemester', '2025-03-06'),
(15, 5, 6, 'Sommersemester', '2025-03-03'),
(10, 5, 6, 'Sommersemester', '2025-03-03'),
(31, 5, 6, 'Sommersemester', '2025-03-03'),
(22, 5, 6, 'Sommersemester', '2025-03-03'),
(36, 6, 6, 'Sommersemester', '2025-03-05'),
(35, 6, 6, 'Sommersemester', '2025-03-05'),
(26, 6, 6, 'Sommersemester', '2025-03-05'),
(14, 6, 6, 'Sommersemester', '2025-03-05'),
(13, 7, 7, 'Sommersemester', '2025-03-26'),
(12, 7, 7, 'Sommersemester', '2025-03-26'),
(36, 7, 7, 'Sommersemester', '2025-03-26'),
(19, 7, 7, 'Sommersemester', '2025-03-26'),
(18, 8, 1, 'Sommersemester', '2025-03-07'),
(12, 8, 1, 'Sommersemester', '2025-03-07'),
(33, 8, 1, 'Sommersemester', '2025-03-07'),
(30, 8, 1, 'Sommersemester', '2025-03-07'),
(30, 9, 2, 'Wintersemester', '2025-03-20'),
(36, 9, 2, 'Wintersemester', '2025-03-20'),
(23, 9, 2, 'Wintersemester', '2025-03-20'),
(21, 9, 2, 'Wintersemester', '2025-03-20'),
(29, 10, 1, 'Sommersemester', '2025-03-22'),
(38, 10, 1, 'Sommersemester', '2025-03-22'),
(10, 10, 1, 'Sommersemester', '2025-03-22'),
(7, 10, 1, 'Sommersemester', '2025-03-22');
INSERT INTO Termin (KursNr, KursreihenName, Von, Bis, OrtName, PlatzName) VALUES
(1, 'Sommersemester', '2025-04-08 10:00:00', '2025-04-08 11:00:00', 'Sportplatz Nord', 'Agility-Parcours'),
(1, 'Sommersemester', '2025-05-02 13:00:00', '2025-05-02 15:00:00', 'Sportplatz Nord', 'Trainingsfläche'),
(1, 'Sommersemester', '2025-05-24 12:00:00', '2025-05-24 13:00:00', 'Sportplatz Nord', 'Agility-Parcours'),
(2, 'Wintersemester', '2025-05-24 16:00:00', '2025-05-24 18:00:00', 'Waldparcours', 'Trainingsfläche'),
(2, 'Wintersemester', '2025-04-15 17:00:00', '2025-04-15 19:00:00', 'Waldparcours', 'Agility-Parcours'),
(2, 'Wintersemester', '2025-05-09 16:00:00', '2025-05-09 18:00:00', 'Waldparcours', 'Freilaufzone'),
(3, 'Sommersemester', '2025-04-17 08:00:00', '2025-04-17 09:00:00', 'Hundeschule Babybell', 'Trainingsfläche'),
(3, 'Sommersemester', '2025-04-05 12:00:00', '2025-04-05 15:00:00', 'Hundeschule Babybell', 'Agility-Parcours'),
(3, 'Sommersemester', '2025-05-25 18:00:00', '2025-05-25 20:00:00', 'Hundeschule Babybell', 'Trainingsfläche'),
(4, 'Sommersemester', '2025-04-18 09:00:00', '2025-04-18 11:00:00', 'Trainingszentrum West', 'Agility-Parcours'),
(4, 'Sommersemester', '2025-04-16 16:00:00', '2025-04-16 19:00:00', 'Trainingszentrum West', 'Wassertraining'),
(4, 'Sommersemester', '2025-05-09 12:00:00', '2025-05-09 14:00:00', 'Trainingszentrum West', 'Trainingsfläche'),
(5, 'Wintersemester', '2025-04-14 11:00:00', '2025-04-14 14:00:00', 'Trainingszentrum West', 'Wassertraining'),
(5, 'Wintersemester', '2025-05-14 12:00:00', '2025-05-14 14:00:00', 'Trainingszentrum West', 'Freilaufzone'),
(5, 'Wintersemester', '2025-05-25 14:00:00', '2025-05-25 17:00:00', 'Trainingszentrum West', 'Agility-Parcours'),
(6, 'Wintersemester', '2025-05-17 15:00:00', '2025-05-17 16:00:00', 'Waldparcours', 'Freilaufzone'),
(6, 'Wintersemester', '2025-04-03 13:00:00', '2025-04-03 15:00:00', 'Waldparcours', 'Trainingsfläche'),
(6, 'Wintersemester', '2025-05-27 09:00:00', '2025-05-27 12:00:00', 'Waldparcours', 'Agility-Parcours'),
(7, 'Sommersemester', '2025-05-05 16:00:00', '2025-05-05 17:00:00', 'Sportplatz Nord', 'Trainingsfläche'),
(7, 'Sommersemester', '2025-04-05 12:00:00', '2025-04-05 13:00:00', 'Sportplatz Nord', 'Freilaufzone'),
(7, 'Sommersemester', '2025-05-18 15:00:00', '2025-05-18 17:00:00', 'Sportplatz Nord', 'Agility-Parcours'),
(8, 'Wintersemester', '2025-04-08 15:00:00', '2025-04-08 17:00:00', 'Sportplatz Nord', 'Trainingsfläche'),
(8, 'Wintersemester', '2025-05-12 11:00:00', '2025-05-12 12:00:00', 'Sportplatz Nord', 'Agility-Parcours'),
(8, 'Wintersemester', '2025-05-27 12:00:00', '2025-05-27 15:00:00', 'Sportplatz Nord', 'Freilaufzone'),
(9, 'Wintersemester', '2025-04-02 16:00:00', '2025-04-02 17:00:00', 'Hundeschule Babybell', 'Freilaufzone'),
(9, 'Wintersemester', '2025-04-10 17:00:00', '2025-04-10 18:00:00', 'Hundeschule Babybell', 'Trainingsfläche'),
(9, 'Wintersemester', '2025-05-29 15:00:00', '2025-05-29 18:00:00', 'Hundeschule Babybell', 'Wassertraining'),
(10, 'Wintersemester', '2025-05-14 15:00:00', '2025-05-14 16:00:00', 'Waldparcours', 'Freilaufzone'),
(10, 'Wintersemester', '2025-05-05 10:00:00', '2025-05-05 11:00:00', 'Waldparcours', 'Trainingsfläche'),
(10, 'Wintersemester', '2025-05-19 11:00:00', '2025-05-19 14:00:00', 'Waldparcours', 'Wassertraining');
INSERT INTO Hat_Urkunde (HundNr, KursNr, Datum, Note) VALUES
(33, 1, '2025-06-02', 1),
(10, 1, '2025-06-02', 5),
(35, 1, '2025-06-02', 1),
(33, 2, '2025-06-02', 1),
(36, 2, '2025-06-02', 1),
(4, 2, '2025-06-02', 5),
(40, 3, '2025-06-03', 6),
(28, 3, '2025-06-03', 6),
(21, 3, '2025-06-03', 6),
(15, 4, '2025-06-17', 5),
(16, 4, '2025-06-17', 3),
(36, 4, '2025-06-17', 5),
(22, 5, '2025-06-23', 5),
(28, 5, '2025-06-23', 3),
(25, 5, '2025-06-23', 3),
(11, 6, '2025-06-21', 3),
(13, 6, '2025-06-21', 3),
(20, 6, '2025-06-21', 4),
(2, 7, '2025-06-23', 2),
(17, 7, '2025-06-23', 5),
(5, 7, '2025-06-23', 2),
(31, 8, '2025-06-08', 5),
(25, 8, '2025-06-08', 4),
(38, 8, '2025-06-08', 6),
(27, 9, '2025-06-15', 4),
(6, 9, '2025-06-15', 1),
(26, 9, '2025-06-15', 5),
(2, 10, '2025-07-01', 4),
(31, 10, '2025-07-01', 4),
(32, 10, '2025-07-01', 4);
INSERT INTO Qualifikation (QName, Beschreibung) VALUES
('Büro', 'Verantwortlich für administrative Aufgaben und Organisation in der Hundeschule.'),
('Trainer', 'Leitet Kurse und Trainingsstunden für Hunde und ihre Besitzer.'),
('Prüfer', 'Bewertet Hunde bei Prüfungen und stellt Urkunden aus.');
INSERT INTO Notwendige_Qualifikation (KursNr, QName) VALUES
(1, 'Trainer'),
(2, 'Trainer'),
(3, 'Trainer'),
(4, 'Trainer'),
(5, 'Trainer'),
(6, 'Trainer'),
(7, 'Trainer'),
(8, 'Trainer'),
(9, 'Trainer'),
(10, 'Trainer');
INSERT INTO Mitarbeiterqualifikation (qname, MitarbeiterNr) VALUES
('Trainer', 1),
('Trainer', 2),
('Trainer', 3),
('Trainer', 4),
('Trainer', 5),
('Trainer', 6),
('Trainer', 7),
('Büro', 1),
('Prüfer', 2),
('Prüfer', 3),
('Prüfer', 6);
INSERT INTO BrauchtUrkunde (KursNr, ZertifikatNr) VALUES
(1, 2),
(2, 4),
(3, 1),
(4, 2),
(5, 4),
(6, 4),
(7, 1),
(8, 1),
(9, 4),
(10, 4);
INSERT INTO Besitztzertifikat (HundNr, ZertifikatNr, Datum) VALUES
        (1, 1, '2025-06-18'),
(1, 4, '2025-05-08'),
(1, 3, '2025-08-22'),
(2, 4, '2025-05-21'),
(2, 2, '2025-11-12'),
(3, 1, '2025-10-24'),
(4, 1, '2025-01-30'),
(5, 2, '2025-03-09'),
(6, 3, '2025-11-08'),
(6, 2, '2025-05-26'),
(6, 4, '2025-10-07'),
(7, 4, '2025-01-02'),
(8, 4, '2024-12-26'),
(9, 3, '2025-10-08'),
(11, 2, '2025-05-31'),
(13, 1, '2025-01-01'),
(15, 3, '2024-12-16'),
(15, 4, '2025-11-12'),
(17, 4, '2025-07-12'),
(19, 4, '2025-04-28'),
(19, 3, '2025-08-09'),
(19, 1, '2025-02-02'),
(20, 1, '2025-05-14'),
(20, 2, '2025-10-19'),
(20, 3, '2025-01-24'),
(21, 2, '2025-09-10'),
(22, 1, '2025-07-25'),
(22, 2, '2025-08-25'),
(22, 4, '2025-01-25'),
(23, 2, '2025-03-29'),
(23, 3, '2025-08-22'),
(23, 4, '2024-12-18'),
(24, 2, '2025-02-26'),
(24, 3, '2025-11-03'),
(24, 4, '2025-04-30'),
(25, 3, '2025-01-14'),
(25, 4, '2025-11-21'),
(25, 2, '2025-02-25'),
(26, 4, '2024-12-27'),
(26, 2, '2024-12-23'),
(27, 2, '2025-10-05'),
(28, 3, '2025-09-29'),
(29, 4, '2025-06-23'),
(31, 1, '2024-12-02'),
(32, 2, '2025-03-22'),
(32, 1, '2025-10-01'),
(33, 3, '2025-07-26'),
(33, 2, '2025-04-06'),
(33, 1, '2025-07-04'),
(34, 4, '2024-12-28'),
(36, 4, '2025-11-06'),
(36, 3, '2025-10-06'),
(37, 3, '2025-01-30'),
(37, 2, '2025-07-12'),
(38, 1, '2024-12-17'),
(38, 2, '2025-01-15'),
(38, 4, '2025-05-20'),
(39, 3, '2025-09-12'),
(40, 3, '2025-07-15'),
(40, 4, '2025-05-19'),
(40, 2, '2025-04-27');